Qty,Value,Device,Package,Parts,Description,CATEGORY,DATASHEET,DESCRIPTION,MANUFACTURER,MPN,OPERATING_TEMP,OPERATING_TEMPERATURE,PACKAGE_SIZE,PACKAGE_TYPE,PART_STATUS,PROD_ID,RATING,ROHS,ROHS_COMPLIANT,SERIES,SF_ID,SUB-CATEGORY,SUBCATEGORY,THERMALLOSS,TOLERANCE,TYPE,VOLTAGE_RATING
2,,JST_6PIN_1MMSMD-1MM,JST_6PIN_1MM,"J1, J3","JST SH Horizontal  6-Pin Connector -SMD",,,,,,,,,,,CONN-08249,,,,,GPS-00579,,,,,,
1,100nF,CAPACITORS_CHIP-0805(2012-METRIC),CAPC2012X110,C2,"Capacitor - Generic",Capacitor,,,,,,,,,,,,,,,,,,,,,
2,10K,R-US_CHIP-0603(1608-METRIC),RESC1608X60,"R1, R2","Resistor Fixed - ANSI",Resistor,,,,,,,,,,,,,,,,Fixed,,,,,
1,10uF,CAPACITORS_CHIP-0805(2012-METRIC),CAPC2012X110,C3,"Capacitor - Generic",Capacitor,,,,,,,,,,,,,,,,,,,,,
1,1uF,CAPACITORS_CHIP-0805(2012-METRIC),CAPC2012X110,C1,"Capacitor - Generic",Capacitor,,,,,,,,,,,,,,,,,,,,,
2,2MM_LED_PTH_RECT_CYL,2MM_LED_PTH_RECT_CYL,2MM_LED_PTH_RECT_CYL_YELLOW,"LED_PLAYER, RADAR_ACTIVE_STATUS_LED",,,,,,,,,,,,,,,,,,,,,,,
1,2MM_LED_PTH_RECT_CYLRED,2MM_LED_PTH_RECT_CYLRED,2MM_LED_PTH_RECT_CYL_RED,LED_NET,,,,,,,,,,,,,,,,,,,,,,,
2,BTN_EVQP7L01P,BTN_EVQP7L01P,BTN_EVQP7L01P,"BTN_POWER, S1_NET_RESET1",,,,,,,,,,,,,,,,,,,,,,,
1,JST,ADAFRUIT_JST_2PIN-SMT-RA,JST_2.5MM_SMT,FAN_CONN,"JST 2-Pin Connectors of various flavors",,,,,,,,,,,,,,,,,,,,,,
1,RASPBERRYPI-40-PIN-GPIO_SMD_STACKABLE_NOHOLES,RASPBERRYPI-40-PIN-GPIO_PTH_REFERENCE,RASPBERRY_PI_HAT_40_PIN_PTH_WITH_REFERNCE,J2,"Raspberry Pi GPIO Header",,,,,,,,,,,,,,,,,,,,,,
1,RD-03D-RADAR_PCB_MOUNT,RD-03D-RADAR_PCB_MOUNT,RD-03D-RADAR_PCB_MOUNT,U$1,,,,,,,,,,,,,,,,,,,,,,,
3,SILENT_TACT_SWITCH_6X6X5MM_SMT,SILENT_TACT_SWITCH_6X6X5MM_SMT,SILENT_TACT_SWITCH_6X6X5MM_SMT,"BTN_PLAY_PAUSE, BTN_RUN_FULL_CYCLE, BTN_STOP_PLAY","Tactile Switches WS-TASV Tact Switch 6x6x5mm SMT",,,,,,,,,,,,,,,,,,,,,,
1,SMT_SPDT_SWITCH_SIDEWAYS_COM-10860,SMT_SPDT_SWITCH_SIDEWAYS_COM-10860,SMT_SPDT_SWITCH_SIDEWAYS,S1,"SPDT Switches",Switches,https://cdn.sparkfun.com/datasheets/Components/Switches/SLIDE.pdf,"Slide Switch SPDT Surface Mount & Right Angle","SparkFun Electronics",10860,,NA,NA,"Surface Mount",Active,,,Compliant,,NA,,,"Slide Switches",,,SPDT,
